[
  {
    "location": "Vishakapatnam"
  },
  {
    "location": "Ghaziabad"
  },
  {
    "location": "Gurgaon"
  },
  {
    "location": "Kotdwara"
  },
  {
    "location": "Noida"
  },
  {
    "location": "Panchkula"
  },
  {
    "location": "Varanasi"
  },
  {
    "location": "AGRA"
  },
  {
    "location": "Ahmadabad"
  },
  {
    "location": "Ahmednagar"
  },
  {
    "location": "Akurdi"
  },
  {
    "location": "Ambarnath"
  },
  {
    "location": "Anand"
  },
  {
    "location": "Ankleshwar"
  },
  {
    "location": "Aurangabad"
  },
  {
    "location": "Ballabgarh"
  },
  {
    "location": "Bangalore"
  },
  {
    "location": "Bangalore"
  },
  {
    "location": "Bangalore - EDN"
  },
  {
    "location": "Bangalore - EPD"
  },
  {
    "location": "Bangalore - ESD"
  },
  {
    "location": "Bangalore, Plant 7"
  },
  {
    "location": "Baramati"
  },
  {
    "location": "Bawal, Haryana"
  },
  {
    "location": "Belgam"
  },
  {
    "location": "Bengaluru"
  },
  {
    "location": "Bhopal"
  },
  {
    "location": "Bhubneshwar"
  },
  {
    "location": "Bidaddi"
  },
  {
    "location": "Bidadi"
  },
  {
    "location": "Bina"
  },
  {
    "location": "Chakan"
  },
  {
    "location": "Chennai"
  },
  {
    "location": "Chinchwad Pune"
  },
  {
    "location": "Coimbatore"
  },
  {
    "location": "Dahej"
  },
  {
    "location": "Daman"
  },
  {
    "location": "Delhi"
  },
  {
    "location": "Dhanbad"
  },
  {
    "location": "DHARAWAD"
  },
  {
    "location": "Dharuhera"
  },
  {
    "location": "Doddaballapura"
  },
  {
    "location": "Dwarka"
  },
  {
    "location": "Faridabad"
  },
  {
    "location": "Ghaziabad"
  },
  {
    "location": "Goa"
  },
  {
    "location": "Gujrat"
  },
  {
    "location": "Gurgaon"
  },
  {
    "location": "halol"
  },
  {
    "location": "Haridwar"
  },
  {
    "location": "HARYANA"
  },
  {
    "location": "Hoshiarpur- Punjab"
  },
  {
    "location": "Hosiarpur-Punjab"
  },
  {
    "location": "HOSUR"
  },
  {
    "location": "HP"
  },
  {
    "location": "Hyderabad"
  },
  {
    "location": "Hyderabad - Jadcherla"
  },
  {
    "location": "Igatpuri"
  },
  {
    "location": "Indore"
  },
  {
    "location": "Jaipur"
  },
  {
    "location": "Jamshedpur"
  },
  {
    "location": "Kagal"
  },
  {
    "location": "Kalinganagar"
  },
  {
    "location": "Kancheepuram"
  },
  {
    "location": "Kanpur"
  },
  {
    "location": "Karwar"
  },
  {
    "location": "Kerala"
  },
  {
    "location": "Keshav Nagar"
  },
  {
    "location": "Kharagpur"
  },
  {
    "location": "Khopoli"
  },
  {
    "location": "Kirloskarwadi"
  },
  {
    "location": "Kochi"
  },
  {
    "location": "Kolar"
  },
  {
    "location": "Kolkata"
  },
  {
    "location": "Koraput"
  },
  {
    "location": "Kothrud"
  },
  {
    "location": "KRISHNAGIRI"
  },
  {
    "location": "Lucknow"
  },
  {
    "location": "Ludhiana"
  },
  {
    "location": "Machilipatnam"
  },
  {
    "location": "Maneja, Vadodara"
  },
  {
    "location": "Manesar"
  },
  {
    "location": "Morinda"
  },
  {
    "location": "Mumbai"
  },
  {
    "location": "Mundhawa"
  },
  {
    "location": "Munger"
  },
  {
    "location": "MYSORE"
  },
  {
    "location": "Naidupet"
  },
  {
    "location": "NARASAPURA"
  },
  {
    "location": "Nashik"
  },
  {
    "location": "Nashik"
  },
  {
    "location": "Neemarana"
  },
  {
    "location": "Nepal"
  },
  {
    "location": "Noida"
  },
  {
    "location": "Oragadam"
  },
  {
    "location": "Palwal"
  },
  {
    "location": "Patansai,Pune"
  },
  {
    "location": "phaltan"
  },
  {
    "location": "Pimpri Pune"
  },
  {
    "location": "pithampur"
  },
  {
    "location": "Pollachi"
  },
  {
    "location": "Pondicherry"
  },
  {
    "location": "Pondichery"
  },
  {
    "location": "Porbandar"
  },
  {
    "location": "Pune"
  },
  {
    "location": "Pune - Mundwa"
  },
  {
    "location": "Rajasthan - Kukas"
  },
  {
    "location": "Rajkot"
  },
  {
    "location": "Rudrapur"
  },
  {
    "location": "Saharanpur"
  },
  {
    "location": "sanand"
  },
  {
    "location": "Satara"
  },
  {
    "location": "Savli, Vadodara"
  },
  {
    "location": "Shirawal Pune"
  },
  {
    "location": "Sholinghur"
  },
  {
    "location": "Sinnar"
  },
  {
    "location": "Sricity"
  },
  {
    "location": "Srilanka"
  },
  {
    "location": "Supa"
  },
  {
    "location": "Survadi"
  },
  {
    "location": "Tapukara"
  },
  {
    "location": "Telangana"
  },
  {
    "location": "Tumkur"
  },
  {
    "location": "Udaipur"
  },
  {
    "location": "Vadodara"
  },
  {
    "location": "Pune - Chakan"
  }
]